{"Humboldt County": 26.078751857355126, "Sonoma County": 25.635343618513325, "San Luis Obispo County": 35.832798716920607, "Glenn County": 36.391780821917806, "Nevada County": 47.356617647058826, "Sacramento County": 40.284162139573759, "Fresno County": 53.594132029339853, "Calaveras County": 41.229050279329606, "Marin County": 25.230337078651687, "Contra Costa County": 31.060128847530422, "Siskiyou County": 32.78116343490305, "San Mateo County": 24.829545454545453, "San Francisco County": 24.74127906976744, "Merced County": 45.93687707641196, "Santa Cruz County": 28.920664206642066, "Ventura County": 41.290999447818884, "Placer County": 41.019525801952582, "Inyo County": 43.824022346368714, "Stanislaus County": 44.243980738362758, "Orange County": 34.590673575129536, "Madera County": 50.005382131324005, "Imperial County": 41.677715091678422, "Butte County": 40.078249336870023, "Mariposa County": 54.437678401522362, "Sutter County": 39.823529411764703, "Lake County": 32.222222222222221, "El Dorado County": 51.002766251728907, "Solano County": 31.50524109014675, "Los Angeles County": 40.770488534396812, "San Diego County": 36.442373853211009, "Alameda County": 26.389360061680801, "Colusa County": 32.620786516853933, "Tehama County": 43.923507462686565, "San Benito County": 35.215172413793105, "Amador County": 41.50974930362117, "Riverside County": 50.624170812603651, "San Joaquin County": 38.790530846484934, "San Bernardino County": 57.245244737509509, "Yolo County": 36.069930069930066, "Tulare County": 56.287057122198121, "Shasta County": 33.448892065761257, "Santa Barbara County": 33.635832749357625, "Monterey County": 29.876056338028167, "Tuolumne County": 43.019283746556475, "Santa Clara County": 30.510430247718382, "Kings County": 47.254019292604504, "Kern County": 56.462162162162166, "Napa County": 29.316384180790962, "Mendocino County": 27.048192771084338}