{"Humboldt County": 22.941176470588236, "Sonoma County": 23.404285714285713, "San Luis Obispo County": 37.052656546489565, "Sutter County": 43.481343283582092, "Nevada County": 56.676923076923075, "Sacramento County": 43.161149825783973, "Fresno County": 50.652934537246047, "Calaveras County": 47.879120879120876, "Marin County": 24.022662889518415, "Contra Costa County": 31.918067226890756, "Siskiyou County": 34.660377358490564, "San Mateo County": 25.725988700564972, "San Francisco County": 23.8328530259366, "Merced County": 44.160919540229884, "Santa Cruz County": 29.159059474412171, "Ventura County": 42.64318600368324, "Placer County": 47.881616939364775, "Inyo County": 49.936599423631122, "Stanislaus County": 39.832177531206661, "Orange County": 37.361403508771929, "Madera County": 41.341597796143247, "Imperial County": 39.342727272727274, "Butte County": 44.973647711511788, "Mariposa County": 57.813704496788006, "Glenn County": 33.787709497206706, "Lake County": 32.858333333333334, "El Dorado County": 56.659250585480095, "Solano County": 31.2061310782241, "Los Angeles County": 40.88100289296046, "San Diego County": 39.337488314116548, "Alameda County": 30.87893864013267, "Colusa County": 34.182072829131656, "Tehama County": 47.768031189083821, "San Benito County": 37.869747899159663, "Amador County": 41.341597796143247, "Riverside County": 53.784859268845032, "San Joaquin County": 38.521617852161782, "San Bernardino County": 53.94273351997964, "Mendocino County": 27.244695898161243, "Tulare County": 56.760158572844404, "Shasta County": 37.864030858244938, "Santa Barbara County": 34.653222067686599, "Monterey County": 31.622920517560075, "Tuolumne County": 40.463013698630135, "Santa Clara County": 32.723965763195437, "Kings County": 47.790123456790127, "Kern County": 56.803094233473978, "Napa County": 29.498614958448755, "Yolo County": 36.952973720608576, "Plumas County": 34.467248908296945}