{"Sonoma County": 28.489539748953973, "San Luis Obispo County": 34.13991375179684, "Sutter County": 42.828978622327789, "Nevada County": 54.834128878281625, "Sacramento County": 44.477396021699818, "Fresno County": 69.289247854618878, "Calaveras County": 51.762430939226519, "Marin County": 20.867036011080334, "Contra Costa County": 31.510712217718588, "Siskiyou County": 31.206997084548107, "San Mateo County": 24.401785714285715, "San Francisco County": 22.804532577903682, "Merced County": 67.16620498614958, "Santa Cruz County": 28.724668064290707, "Ventura County": 44.545715457154571, "Placer County": 51.684971098265898, "Inyo County": 50.48441926345609, "Stanislaus County": 44.152875175315565, "Orange County": 33.51588397790055, "Madera County": 52.84873949579832, "Imperial County": 41.934247871333966, "Butte County": 45.553398058252426, "Mariposa County": 63.700149925037479, "Glenn County": 39.817927170868344, "Lake County": 36.16480446927374, "El Dorado County": 55.771729587357328, "Solano County": 30.752620545073377, "Los Angeles County": 39.908308383233532, "San Diego County": 37.404717566728742, "Alameda County": 27.25014180374362, "Colusa County": 36.929577464788736, "Tehama County": 48.185378590078329, "San Benito County": 39.89597780859917, "Amador County": 44.696883852691215, "San Joaquin County": 36.301605504587158, "Riverside County": 62.93640246796393, "Mono County": 33.484375, "San Bernardino County": 57.058224852071007, "Mendocino County": 26.479166666666668, "Tulare County": 69.366032210834547, "Shasta County": 36.090510948905113, "Santa Barbara County": 36.507403314917127, "Monterey County": 30.440807799442897, "Tuolumne County": 64.13602941176471, "Santa Clara County": 30.868784530386741, "Kings County": 55.495774647887323, "Kern County": 62.347133757961785, "Napa County": 26.964912280701753, "Yolo County": 36.931586608442501, "Plumas County": 50.798761609907118}