{"Sonoma County": 26.626721763085399, "San Luis Obispo County": 33.410764872521248, "Sutter County": 40.411439114391143, "Nevada County": 57.514200298953661, "Sacramento County": 42.572706935123044, "Fresno County": 61.672538392050591, "Calaveras County": 50.565459610027858, "Marin County": 18.963788300835656, "Contra Costa County": 31.343461030383089, "Siskiyou County": 37.165991902834008, "San Mateo County": 25.482954545454547, "San Francisco County": 22.747826086956522, "Merced County": 67.148876404494388, "Santa Cruz County": 28.992937853107346, "Ventura County": 47.218215441516413, "Placer County": 42.705468750000001, "Inyo County": 48.955752212389378, "Stanislaus County": 42.484806629834253, "Orange County": 38.929714683368125, "Madera County": 51.448179271708682, "Imperial County": 35.271421732886552, "Butte County": 41.405329593267879, "Mariposa County": 55.642168674698794, "Glenn County": 36.449438202247194, "Lake County": 32.930747922437675, "El Dorado County": 51.087074829931971, "Solano County": 30.308654848800835, "Los Angeles County": 43.823940847322142, "San Diego County": 35.824251968503937, "Alameda County": 28.117007672634273, "Colusa County": 32.663911845730027, "Tehama County": 50.648101265822788, "San Benito County": 39.372905027932958, "Amador County": 42.480555555555554, "San Joaquin County": 33.767313019390585, "Riverside County": 58.701403658017867, "Mono County": 47.528571428571432, "San Bernardino County": 57.708215297450423, "Mendocino County": 24.786931818181817, "Tulare County": 67.669975186104224, "Shasta County": 37.498498498498499, "Santa Barbara County": 36.269264448336251, "Monterey County": 30.65013966480447, "Tuolumne County": 50.650137741046834, "Santa Clara County": 32.233078281341967, "Kings County": 50.62049861495845, "Kern County": 62.586856127886321, "Napa County": 27.225988700564972, "Yolo County": 36.040730337078649, "Plumas County": 34.837931034482757}