{"Sonoma County": 24.505882352941178, "San Luis Obispo County": 32.524213679480781, "Sutter County": 38.025925925925925, "Nevada County": 50.97570850202429, "Sacramento County": 38.282167042889391, "Fresno County": 47.076579094466183, "Calaveras County": 46.936288088642662, "Marin County": 22.740223463687151, "Contra Costa County": 28.445690259285215, "Siskiyou County": 30.300283286118979, "San Mateo County": 23.791086350974929, "San Francisco County": 23.388461538461538, "Merced County": 40.994413407821227, "Santa Cruz County": 27.880193905817176, "Ventura County": 43.0, "Placer County": 43.429249762583098, "Inyo County": 53.791788856304983, "Stanislaus County": 35.883495145631066, "Orange County": 35.571221981200289, "Madera County": 39.13687150837989, "Imperial County": 41.690883190883191, "Butte County": 40.419220055710305, "Mariposa County": 43.997671711292199, "Glenn County": 32.94736842105263, "Lake County": 31.641666666666666, "El Dorado County": 52.065739570164347, "Solano County": 28.40894568690096, "Los Angeles County": 39.065570314147166, "San Diego County": 37.268131868131867, "Alameda County": 25.901123595505616, "Colusa County": 32.608815426997246, "Tehama County": 44.977578475336323, "San Benito County": 35.127955493741304, "Amador County": 39.669444444444444, "Riverside County": 50.306599832915623, "San Joaquin County": 30.627071823204421, "San Bernardino County": 53.792195580629993, "Mendocino County": 24.751054852320674, "Tulare County": 55.293119698397739, "Shasta County": 37.944820909970957, "Santa Barbara County": 33.838414634146339, "Monterey County": 29.631725417439704, "Tuolumne County": 41.369146005509641, "Santa Clara County": 29.552927261975164, "Kings County": 43.905027932960891, "Kern County": 54.63189747241011, "Napa County": 26.765193370165747, "Yolo County": 33.743016759776538, "Plumas County": 30.643750000000001}