{"Humboldt County": 23.762931034482758, "Sonoma County": 25.888571428571428, "San Luis Obispo County": 34.45118521494576, "Glenn County": 35.488636363636367, "Nevada County": 46.877819548872182, "Sacramento County": 35.354088833540885, "Fresno County": 51.986053719008261, "Calaveras County": 36.307479224376735, "Marin County": 25.084269662921347, "Contra Costa County": 28.220779220779221, "Siskiyou County": 33.108938547486034, "San Mateo County": 24.487323943661973, "San Francisco County": 22.526912181303118, "Merced County": 46.283783783783782, "Santa Cruz County": 29.521557719054243, "Ventura County": 39.088397790055247, "Placer County": 36.439363817097416, "Inyo County": 42.014367816091955, "Stanislaus County": 41.269413629160063, "Orange County": 34.016224188790559, "Madera County": 50.68, "Imperial County": 43.141871921182265, "Butte County": 38.302945301542778, "Mariposa County": 47.658227848101269, "Sutter County": 36.596986817325799, "Lake County": 30.848066298342541, "El Dorado County": 45.224517906336089, "Solano County": 30.346832814122532, "Los Angeles County": 39.907006369426753, "San Diego County": 33.584809447128286, "Alameda County": 25.628352490421456, "Colusa County": 30.181034482758619, "Tehama County": 40.452941176470588, "San Benito County": 34.988826815642462, "Amador County": 35.055248618784532, "Riverside County": 48.33858792184725, "San Joaquin County": 34.580592105263158, "San Bernardino County": 53.157454361054768, "Yolo County": 32.481944444444444, "Tulare County": 52.516304347826086, "Shasta County": 31.771365960555151, "Santa Barbara County": 32.995576251455184, "Monterey County": 29.880073800738007, "Tuolumne County": 39.460055096418735, "Santa Clara County": 30.611781405251953, "Kings County": 51.207509881422922, "Kern County": 49.194485842026829, "Napa County": 28.152542372881356, "Mendocino County": 24.330357142857142}