{"Humboldt County": 24.123919308357348, "Sonoma County": 28.099585062240664, "San Luis Obispo County": 39.64001674340728, "Glenn County": 33.94198895027624, "Nevada County": 44.829365079365083, "Sacramento County": 41.919144981412643, "Fresno County": 52.589993898718731, "Calaveras County": 46.137254901960787, "Marin County": 25.442577030812323, "Contra Costa County": 31.769604441360165, "Siskiyou County": 31.329577464788731, "San Mateo County": 25.817415730337078, "San Francisco County": 24.459154929577466, "Merced County": 51.767241379310342, "Santa Cruz County": 29.596807772380291, "Ventura County": 43.132714617169377, "Placer County": 42.979980934223072, "Kings County": 59.439655172413794, "Stanislaus County": 43.601115760111576, "Orange County": 38.513342696629216, "Madera County": 48.434911242603548, "Imperial County": 40.572697003329637, "Butte County": 42.021037868162693, "Mariposa County": 57.939393939393938, "Sutter County": 38.503703703703707, "Lake County": 31.434540389972145, "El Dorado County": 52.843963553530749, "Solano County": 32.771755725190843, "Los Angeles County": 41.364044027721157, "San Diego County": 40.682629107981221, "Alameda County": 28.038622129436327, "Colusa County": 36.388101983002834, "Tehama County": 46.216738197424895, "San Benito County": 40.903496503496505, "Amador County": 49.524355300859597, "Inyo County": 47.614285714285714, "Riverside County": 53.41600703605981, "San Joaquin County": 37.147426981919331, "San Bernardino County": 58.227317073170731, "Yolo County": 35.807365439093488, "Tulare County": 64.581371545547597, "Shasta County": 38.652380952380952, "Santa Barbara County": 34.561484918793504, "Monterey County": 31.059479553903344, "Tuolumne County": 47.509695290858723, "Santa Clara County": 32.537138927097665, "Kern County": 55.317672569569929, "Napa County": 29.286908077994429, "Mendocino County": 26.397916666666667}