{"Sonoma County": 29.821428571428573, "San Luis Obispo County": 34.603858784893269, "Sutter County": 45.281967213114754, "Nevada County": 58.769841269841272, "Sacramento County": 41.977621763931552, "Fresno County": 63.955965181771631, "Calaveras County": 53.748618784530386, "Marin County": 21.730878186968837, "Contra Costa County": 30.038488453463962, "Siskiyou County": 29.368421052631579, "San Mateo County": 19.532033426183844, "San Francisco County": 22.106741573033709, "Merced County": 64.47790055248619, "Santa Cruz County": 29.322762508809021, "Ventura County": 43.754739814441308, "Placer County": 46.809667673716014, "Inyo County": 51.802857142857142, "Stanislaus County": 38.850974930362113, "Orange County": 31.685690653432587, "Madera County": 48.105413105413106, "Imperial County": 48.335187760778858, "Butte County": 39.652661064425772, "Mariposa County": 64.990291262135926, "Glenn County": 43.647382920110196, "Lake County": 31.961325966850829, "El Dorado County": 55.882034632034632, "Solano County": 32.710388247639031, "Los Angeles County": 32.667596652052609, "San Diego County": 38.303421200224342, "Alameda County": 26.65367412140575, "Colusa County": 39.035812672176306, "Tehama County": 57.119705340699817, "San Benito County": 40.286343612334804, "Amador County": 51.821428571428569, "Riverside County": 53.700886607559497, "San Joaquin County": 34.548656163113996, "San Bernardino County": 56.489102413873916, "Mendocino County": 25.16988950276243, "Tulare County": 74.943605236656595, "Shasta County": 45.362068965517238, "Santa Barbara County": 36.348583877995644, "Monterey County": 30.100139082058416, "Tuolumne County": 61.904153354632591, "Santa Clara County": 30.310256410256411, "Kings County": 58.323033707865171, "Kern County": 62.441000352236706, "Napa County": 27.928977272727273, "Yolo County": 39.165277777777774, "Plumas County": 40.170391061452513}