{"Humboldt County": 23.969014084507041, "Sonoma County": 24.77709923664122, "San Luis Obispo County": 35.160634404229363, "Glenn County": 34.714681440443215, "Nevada County": 47.520220588235297, "Sacramento County": 39.613891285591023, "Fresno County": 48.226468910439245, "Calaveras County": 41.994428969359333, "Marin County": 23.508379888268156, "Contra Costa County": 31.588161209068009, "Siskiyou County": 26.773648648648649, "San Mateo County": 24.070621468926554, "San Francisco County": 22.668539325842698, "Merced County": 42.814606741573037, "Santa Cruz County": 28.038647342995169, "Ventura County": 41.196496212121211, "Placer County": 40.505990783410141, "Kings County": 47.793205317577545, "Stanislaus County": 39.085959885386821, "Orange County": 36.637068357998594, "Madera County": 41.774285714285718, "Imperial County": 41.93821510297483, "Butte County": 39.479050279329606, "Mariposa County": 47.29615384615385, "Sutter County": 33.55681818181818, "Lake County": 30.516666666666666, "El Dorado County": 46.225806451612904, "Solano County": 29.985340314136124, "Los Angeles County": 41.106141797197033, "San Diego County": 37.57257617728532, "Alameda County": 26.413981762917935, "Colusa County": 32.786324786324784, "Tehama County": 48.525469168900806, "San Benito County": 35.836705202312139, "Amador County": 35.817174515235457, "Inyo County": 42.455072463768118, "Riverside County": 49.238473417163029, "San Joaquin County": 34.101283880171181, "San Bernardino County": 54.159413202933983, "Yolo County": 34.884892086330936, "Tulare County": 52.433734939759034, "Shasta County": 34.862566438876236, "Santa Barbara County": 33.028988868274581, "Monterey County": 28.217432052483598, "Tuolumne County": 42.66016713091922, "Santa Clara County": 30.18502943650126, "Kern County": 51.022055927530523, "Napa County": 27.641666666666666, "Mendocino County": 24.043227665706052}