{"Humboldt County": 23.402898550724636, "Sonoma County": 27.694805194805195, "San Luis Obispo County": 34.373242265970269, "Glenn County": 37.0, "Nevada County": 50.501408450704226, "Sacramento County": 38.713103448275859, "Fresno County": 49.410687022900767, "Calaveras County": 40.929292929292927, "Marin County": 26.161559888579387, "Contra Costa County": 30.699386503067483, "Siskiyou County": 35.385185185185186, "San Mateo County": 26.128133704735376, "San Francisco County": 23.926553672316384, "Merced County": 27.5, "Santa Cruz County": 28.590707964601769, "Ventura County": 41.132851584213455, "Placer County": 39.786828422876951, "Inyo County": 41.880555555555553, "Stanislaus County": 45.755434782608695, "Orange County": 37.733133433283356, "Madera County": 45.13840830449827, "Imperial County": 43.917322834645667, "Butte County": 40.759197324414714, "Mariposa County": 50.490039840637451, "Sutter County": 41.074889867841406, "Lake County": 35.549242424242422, "El Dorado County": 51.03993855606759, "Solano County": 31.004672897196262, "Los Angeles County": 44.042008843967153, "San Diego County": 34.637184115523468, "Alameda County": 27.980273141122915, "Colusa County": 34.563758389261743, "Tehama County": 43.814220183486242, "San Benito County": 35.650349650349654, "Amador County": 43.868243243243242, "Riverside County": 50.648633879781421, "San Joaquin County": 39.544303797468352, "San Bernardino County": 54.642267473858006, "Yolo County": 34.70967741935484, "Tulare County": 55.171706263498919, "Shasta County": 35.535541195476576, "Santa Barbara County": 34.243104380746352, "Monterey County": 29.932047750229568, "Tuolumne County": 49.252747252747255, "Santa Clara County": 32.515740740740739, "Kings County": 46.71521739130435, "Kern County": 52.9093321539142, "Napa County": 27.478991596638654, "Mendocino County": 28.981132075471699}