{"Humboldt County": 24.584415584415584, "Sonoma County": 27.222063037249285, "San Luis Obispo County": 38.109706362153347, "Glenn County": 35.116343490304708, "Nevada County": 48.421497584541065, "Sacramento County": 38.163355408388519, "Fresno County": 46.143260011280319, "Calaveras County": 41.519662921348313, "Marin County": 23.693820224719101, "Contra Costa County": 29.825418994413408, "Siskiyou County": 30.753012048192772, "San Mateo County": 24.537815126050422, "San Francisco County": 22.971751412429377, "Merced County": 42.787878787878789, "Santa Cruz County": 27.808996539792389, "Ventura County": 41.094145199063234, "Placer County": 39.649572649572647, "Inyo County": 51.310541310541311, "Stanislaus County": 34.387275242047025, "Orange County": 35.839121190644931, "Madera County": 38.863888888888887, "Imperial County": 41.920124481327804, "Butte County": 41.379642365887207, "Mariposa County": 51.349942062572424, "Sutter County": 40.283269961977183, "Lake County": 30.081920903954803, "El Dorado County": 49.140586797066014, "Solano County": 29.95040650406504, "Los Angeles County": 38.707424454672804, "San Diego County": 38.504919073310063, "Alameda County": 27.176424668227948, "Colusa County": 32.274238227146817, "Tehama County": 42.253234750462106, "San Benito County": 37.723702664796633, "Amador County": 37.610465116279073, "Riverside County": 52.557200929152145, "San Joaquin County": 34.613986013986015, "San Bernardino County": 55.651827903506593, "Yolo County": 34.031855955678672, "Tulare County": 58.511991657977056, "Shasta County": 36.853479853479854, "Santa Barbara County": 34.345501046268311, "Monterey County": 29.992509363295881, "Tuolumne County": 46.405555555555559, "Santa Clara County": 29.17606123869172, "Kings County": 46.453576864535769, "Kern County": 50.429441260744987, "Napa County": 27.701408450704225, "Mendocino County": 25.234132581100141}