{"Sonoma County": 28.016224188790559, "San Luis Obispo County": 33.630256162397295, "Sutter County": 38.147268408551071, "Nevada County": 49.190571715145438, "Sacramento County": 41.905253704535248, "Fresno County": 68.186058431573557, "Calaveras County": 47.627071823204417, "Marin County": 21.85593220338983, "Contra Costa County": 30.307794803464358, "Siskiyou County": 10.301204819277109, "San Mateo County": 22.212643678160919, "San Francisco County": 21.668571428571429, "Merced County": 59.817663817663821, "Santa Cruz County": 28.082191780821919, "Ventura County": 45.016881028938904, "Placer County": 43.742964352720449, "Inyo County": 51.306358381502889, "Stanislaus County": 39.234442836468887, "Orange County": 32.711468224981736, "Madera County": 50.475644699140403, "Imperial County": 42.797305965362412, "Butte County": 43.31388888888889, "Mariposa County": 60.315789473684212, "Glenn County": 41.750724637681159, "Lake County": 33.016528925619838, "El Dorado County": 53.112699747687131, "Solano County": 29.43524416135881, "Los Angeles County": 35.577186038143218, "San Diego County": 37.097688497523393, "Alameda County": 25.195028680688335, "Colusa County": 40.030812324929975, "Tehama County": 45.360703812316714, "San Benito County": 37.374293785310734, "Amador County": 43.113888888888887, "San Joaquin County": 34.328107502799554, "Riverside County": 60.799263351749538, "Mono County": 53.059459459459461, "San Bernardino County": 54.637119113573405, "Mendocino County": 24.704735376044567, "Tulare County": 69.113976705490842, "Shasta County": 32.924617196702002, "Santa Barbara County": 35.669383003492435, "Monterey County": 29.33009708737864, "Tuolumne County": 53.78719397363465, "Santa Clara County": 28.118130132659509, "Kings County": 50.430167597765362, "Kern County": 63.852765058119054, "Napa County": 25.932203389830509, "Yolo County": 35.441654357459377, "Plumas County": 32.43333333333333}