{"Humboldt County": 25.219101123595507, "Sonoma County": 22.952112676056338, "San Luis Obispo County": 35.792536115569824, "Glenn County": 34.196675900277008, "Nevada County": 41.768055555555556, "Sacramento County": 35.461887477313972, "Fresno County": 47.031979695431474, "Calaveras County": 39.77961432506887, "Marin County": 23.220670391061454, "Contra Costa County": 29.385272145144079, "Siskiyou County": 29.740223463687151, "San Mateo County": 25.676136363636363, "San Francisco County": 24.240896358543417, "Merced County": 41.941176470588232, "Santa Cruz County": 27.783410138248847, "Ventura County": 39.294970986460349, "Placer County": 39.08872458410351, "Inyo County": 41.206153846153846, "Stanislaus County": 36.507288629737609, "Orange County": 34.188512518409425, "Madera County": 41.816929133858267, "Imperial County": 39.570543702684105, "Butte County": 37.478021978021978, "Mariposa County": 48.0919689119171, "Sutter County": 33.189686924493557, "Lake County": 30.544692737430168, "El Dorado County": 44.782849239280772, "Solano County": 29.881856540084389, "Los Angeles County": 37.114274338044993, "San Diego County": 36.069018015732048, "Alameda County": 25.683068017366136, "Colusa County": 32.379310344827587, "Tehama County": 43.468864468864467, "San Benito County": 35.296898079763665, "Amador County": 35.708683473389357, "Riverside County": 48.840008431703204, "San Joaquin County": 33.089510489510488, "San Bernardino County": 52.358113114349223, "Yolo County": 31.353658536585368, "Tulare County": 51.130276564774384, "Shasta County": 34.11735769501054, "Santa Barbara County": 32.957278848386345, "Monterey County": 29.5, "Tuolumne County": 40.656593406593409, "Santa Clara County": 30.745827010622154, "Kings County": 50.374384236453203, "Kern County": 49.998914616497828, "Napa County": 30.241573033707866, "Mendocino County": 20.872832369942195}