{"Sonoma County": 26.069348127600556, "San Luis Obispo County": 31.519796954314721, "Sutter County": 40.801212121212124, "Nevada County": 51.372900335946248, "Sacramento County": 37.971351835273055, "Fresno County": 62.325986673500772, "Calaveras County": 47.245398773006137, "Marin County": 19.304469273743017, "Contra Costa County": 28.632937892533146, "Siskiyou County": 33.966292134831463, "San Mateo County": 20.30640668523677, "San Francisco County": 19.433333333333334, "Merced County": 59.16526610644258, "Santa Cruz County": 27.723628691983123, "Ventura County": 42.01296071283921, "Placer County": 41.924111431316042, "Inyo County": 47.602272727272727, "Stanislaus County": 39.624827586206898, "Orange County": 33.008965517241379, "Madera County": 48.131284916201118, "Imperial County": 42.24006359300477, "Butte County": 43.939278937381403, "Mariposa County": 59.040968342644319, "Glenn County": 37.497175141242941, "Lake County": 31.021917808219179, "El Dorado County": 49.379429559204837, "Solano County": 27.237394957983192, "Los Angeles County": 34.853750247377796, "San Diego County": 35.044670846394986, "Alameda County": 25.15295358649789, "Colusa County": 31.977077363896846, "Tehama County": 40.705627705627705, "San Benito County": 38.100813008130082, "Amador County": 48.016528925619838, "Riverside County": 54.747706422018346, "San Joaquin County": 32.831372549019605, "San Bernardino County": 54.157211538461539, "Mendocino County": 21.883333333333333, "Tulare County": 64.670935960591137, "Shasta County": 36.294908741594618, "Santa Barbara County": 35.186681222707421, "Monterey County": 29.318213538032101, "Tuolumne County": 54.615863141524109, "Santa Clara County": 25.344216417910449, "Kings County": 63.883008356545965, "Kern County": 59.197814207650275, "Napa County": 25.185082872928177, "Yolo County": 35.050991501416433, "Plumas County": 35.148760330578511}