{"Sonoma County": 24.785020804438279, "San Luis Obispo County": 32.562529056252906, "Sutter County": 38.954044117647058, "Nevada County": 50.233291298865069, "Sacramento County": 37.103986135181977, "Fresno County": 50.809709821428569, "Calaveras County": 44.670391061452513, "Marin County": 20.99712643678161, "Contra Costa County": 28.704626334519574, "Siskiyou County": 30.826979472140764, "San Mateo County": 25.184873949579831, "San Francisco County": 22.972118959107807, "Merced County": 53.146408839779006, "Santa Cruz County": 28.715487035739311, "Ventura County": 45.807940904893812, "Placer County": 43.044117647058826, "Inyo County": 50.264264264264263, "Stanislaus County": 37.975103734439834, "Orange County": 42.303534303534306, "Madera County": 42.816023738872403, "Imperial County": 38.519511048425009, "Butte County": 40.479281767955804, "Mariposa County": 49.749136939010356, "Glenn County": 33.825842696629216, "Lake County": 32.383333333333333, "El Dorado County": 49.924849699398798, "Solano County": 28.677824267782427, "Los Angeles County": 43.381626871711859, "San Diego County": 38.662665435518619, "Alameda County": 26.674402250351619, "Colusa County": 31.631901840490798, "Tehama County": 47.594036697247709, "San Benito County": 36.555078683834047, "Amador County": 40.590659340659343, "San Joaquin County": 32.789855072463766, "Riverside County": 54.40008309098463, "Mono County": 49.594890510948908, "San Bernardino County": 55.275382475660642, "Mendocino County": 25.614305750350631, "Tulare County": 61.041269841269845, "Shasta County": 41.340885684860972, "Santa Barbara County": 36.550637011444614, "Monterey County": 30.619534883720931, "Tuolumne County": 43.35164835164835, "Santa Clara County": 30.547969393761036, "Kings County": 48.4375, "Kern County": 58.076551467855815, "Napa County": 26.602272727272727, "Yolo County": 32.388038942976358, "Plumas County": 34.834558823529413}