{"Humboldt County": 24.230142566191446, "Sonoma County": 23.430476190476192, "San Luis Obispo County": 34.849193548387099, "Glenn County": 34.880813953488371, "Nevada County": 42.161094224924014, "Sacramento County": 37.956427955133734, "Fresno County": 52.830696202531648, "Calaveras County": 40.412256267409468, "Marin County": 23.850415512465375, "Contra Costa County": 28.440900562851784, "Siskiyou County": 31.53409090909091, "San Mateo County": 24.401785714285715, "San Francisco County": 23.644444444444446, "Merced County": 49.479853479853482, "Santa Cruz County": 28.016783216783217, "Ventura County": 40.571205821205822, "Placer County": 40.08801498127341, "Inyo County": 46.982954545454547, "Stanislaus County": 38.73233082706767, "Orange County": 34.569884726224785, "Madera County": 46.789960369881108, "Imperial County": 39.947755702722588, "Butte County": 37.300554016620495, "Mariposa County": 47.50397877984085, "Sutter County": 35.539235412474852, "Lake County": 30.53038674033149, "El Dorado County": 47.325179856115106, "Solano County": 30.238541666666666, "Los Angeles County": 38.344517675254643, "San Diego County": 36.072215108834826, "Alameda County": 26.211289092295956, "Colusa County": 32.14206128133705, "Tehama County": 40.34790528233151, "San Benito County": 34.176553672316388, "Amador County": 36.259776536312849, "Riverside County": 51.328889814621952, "San Joaquin County": 34.692847124824688, "San Bernardino County": 53.75530586766542, "Yolo County": 34.695224719101127, "Tulare County": 53.347376201034734, "Shasta County": 32.625879043600563, "Santa Barbara County": 33.470670717457352, "Monterey County": 30.027881040892193, "Tuolumne County": 41.343661971830983, "Santa Clara County": 29.514341590612776, "Kings County": 46.392686804451507, "Kern County": 50.791632145816074, "Napa County": 28.92394366197183, "Mendocino County": 20.270655270655272}